stop_id,stop_name,stop_lat,stop_lon,wheelchair_boarding,seats,covered
1,Baselga Del Bondone,46.078325,11.047354,2,0,1
2,Baselga Del Bondone,46.078582,11.047538,1,1,0
3,Belvedere,46.044406,11.105338,0,0,0
4,Lamar Ponte Avisio,46.134621,11.110910,2,1,1
5,Sp 85 Bivio Sopramonte,46.085226,11.069310,2,1,0
7,Maso Bolleri,46.102486,11.124171,2,0,0
8,Maso Bolleri,46.102235,11.123937,2,0,1
9,Borino,46.067116,11.165636,2,1,0
10,Cadine Strada Gardesana,46.088631,11.065015,1,1,1
11,Cadine Strada Gardesana,46.088730,11.064506,1,1,0
12,Canova Paludi,46.099171,11.109311,1,0,1
13,Gardolo "Materna Paludi",46.103847,11.108231,2,0,1
14,Centro Commerciale,46.091584,11.105649,0,0,1
15,Asiago S.Bartolameo,46.047972,11.137453,1,1,0
17,Cognola "Toresela",46.078904,11.153469,2,1,1
18,Cognola "Toresela",46.078864,11.153925,2,0,1
19,Cognola Bivio Civezzano,46.080614,11.158416,2,0,0
20,Cognola Bivio Civezzano,46.080472,11.158399,2,0,0
21,Cognola "Centro Civico",46.076473,11.141510,1,1,0
22,Cognola Grezoni,46.075912,11.146830,2,0,0
23,Cognola Grezoni,46.076012,11.146610,2,1,0
24,San Vito,46.075332,11.139030,1,0,1
25,Cognola S.Vito,46.075697,11.140793,2,0,1
26,Cognola S.Vito,46.075623,11.141782,2,1,0
27,San Vito,46.075434,11.138830,1,1,0
28,Cognola "Scuole",46.075699,11.143988,2,0,0
29,Cognola "Scuole",46.075854,11.144058,2,0,1
30,Cognola Alla Veduta "Roza",46.077564,11.151099,1,0,0
31,Cognola Alla Veduta "Roza",46.078008,11.151428,2,0,0
32,Brescia "Villa Salvotti",46.076123,11.101180,2,0,0
37,Degli Alpini Oberziner,46.079103,11.118140,2,0,1
38,Cortesano,46.124481,11.133815,0,1,1
39,Vigo Meano Alle Gorghe,46.129890,11.134567,1,1,0
40,Vigo Meano Alle Gorghe,46.129522,11.134676,2,1,1
43,Forte Bus De Vela,46.085330,11.069655,0,1,0
46,Gabbiolo "Campo Sportivo",46.055266,11.148978,1,1,0
47,Gabbiolo "Campo Sportivo",46.055311,11.148779,1,0,1
48,Sp 76 Carpenedi,46.117196,11.108674,2,1,0
49,Sp 76 Carpenedi,46.117172,11.108435,2,1,1
50,Gardolo S.Anna,46.111145,11.109540,1,1,1
51,Gardolo S.Anna,46.110834,11.109569,1,0,1
52,Gardolo P.Le Neufahrn Sud,46.106559,11.111462,1,1,1
53,Gardolo P.Le Neufahrn Nord,46.106679,11.111440,1,0,0
54,Gardolo Piazza,46.108340,11.111715,1,1,0
55,Gardolo Piazza,46.108506,11.111432,2,1,1
56,Canova Aichner,46.101857,11.103280,2,1,0
57,Canova Via Della Canova,46.100302,11.106534,1,1,1
58,Gardolo Don Milani 8 Marzo,46.103935,11.117580,2,1,1
59,Gardolo D.Milani "Piscina",46.106686,11.114323,2,0,1
60,Gardolo D.Milani "Piscina",46.106749,11.114386,2,0,1
61,Gardolo Don Milani 8 Marzo,46.104205,11.117277,2,0,0
62,Gardolo S.Anna Carpenedi,46.113321,11.107851,1,1,0
63,Gardolo S.Anna Carpenedi,46.113375,11.107612,1,1,0
64,Gardolo Svincolo Ss.12,46.106227,11.109068,1,0,1
65,Gazzadina Strada Vecchia,46.130110,11.126039,2,1,1
66,Gazzadina Al Pontat,46.128445,11.129215,2,1,0
67,Gazzadina Al Pontat,46.128599,11.129266,2,1,0
68,Gazzadina Strada Vecchia,46.130191,11.125941,2,0,1
69,Grotta Piazza,46.045801,11.151127,2,1,0
70,Grotta Bindesi,46.043393,11.151713,2,1,1
71,Grotta Bindesi,46.043503,11.151588,2,1,1
72,Ss 12 "Zona Ind.Le Ftm",46.119310,11.106119,2,0,0
73,Lamar "Ftm",46.125716,11.107709,2,0,1
74,Lamar "Ftm",46.125961,11.107589,2,0,1
75,Lamar "Sottostazione Enel",46.129242,11.109760,2,1,1
76,Largo Sauro,46.074849,11.124972,0,0,1
77,Lavis Nazionale,46.138664,11.108985,2,1,0
78,Lavis Piazza Mercato,46.137921,11.114454,1,0,0
79,Lavis "Municipio",46.139322,11.111955,2,1,1
80,Lavis Rosmini Segantini,46.142197,11.108504,1,0,0
81,Lavis Cembra,46.143164,11.106398,1,1,0
85,Centochiavi Dalla Fior,46.094611,11.120672,2,1,1
86,Centochiavi Chiocchetti,46.093993,11.120696,2,0,1
87,Melta "Case Itea",46.102271,11.118106,1,1,0
88,Parco di Melta,46.097275,11.119763,0,0,1
89,Melta Centro,46.099064,11.119266,2,0,0
90,Melta Centro,46.100104,11.118726,1,1,1
91,Parco di Melta,46.097239,11.119897,0,1,0
92,Bettini "Madonna Bianca",46.042500,11.132905,2,1,0
93,Stella "S.Gaetano",46.036416,11.130363,2,0,0
94,Ss 12 "Casteller",46.025285,11.132748,2,0,0
95,Ss 12 "Casteller",46.025708,11.132788,2,0,1
96,Madonna Bianca "S.Gaetano",46.038012,11.130692,1,1,1
97,Stella Marighetto,46.034257,11.131506,1,0,0
98,Madonna Bianca "Man",46.040294,11.130338,2,0,1
99,Ss 12 "Le Caverne",46.030863,11.132674,2,1,1
100,Ss 12 "Le Caverne",46.030338,11.132908,1,1,1
101,Martignano Formigheta,46.089121,11.133087,1,1,0
102,Martignano Formigheta,46.089134,11.133212,1,1,0
103,Martignano "Chiesa",46.088733,11.130600,2,1,0
104,Sp 131 "Maso Pradiscola",46.083190,11.135733,2,0,1
105,Sp 131 "Maso Pradiscola",46.083255,11.135870,1,0,1
106,Martignano P.Zza Menghin,46.090241,11.131624,2,0,1
107,Martignano P.Zza Menghin,46.090276,11.131456,2,1,0
108,Martignano Piazza Canopi,46.089344,11.131027,1,0,1
109,Sp 131 "Res. Silvana",46.097726,11.126958,2,0,0
110,Sp 131 "Res. Silvana",46.097493,11.126921,2,1,1
111,Martignano Ai Bolleri,46.094491,11.130142,2,0,1
112,Martignano Ai Bolleri,46.094873,11.129318,2,1,0
113,Sopramonte "Maso Banal",46.068953,11.063561,2,0,1
115,Sp 131 Al Maso Specchio,46.104391,11.123564,2,1,0
116,Sp 131 Al Maso Specchio,46.104353,11.123417,2,0,0
117,Ravina "Maso Stella",46.032355,11.112675,2,1,0
118,Ravina "Maso Stella",46.032555,11.112927,2,1,0
119,Mattarello Piazza Perini,46.006904,11.128335,2,1,1
120,Mattarello Via Nazionale,46.012408,11.130561,1,0,0
121,Mattarello Via Nazionale,46.011659,11.130372,2,1,1
122,Mattarello Pomeranos,46.013561,11.131495,1,1,0
123,Mattarello "Ronchi",46.017244,11.132396,2,1,1
124,Mattarello "Ronchi",46.017363,11.132606,2,0,0
125,Mattarello S.Leonardo,46.006454,11.127624,2,0,1
127,Mattarello Catoni,46.009381,11.128971,1,1,1
128,Mattarello Rio Stolzano,46.003129,11.126821,2,0,0
129,Meano Bivio S.Lazzaro,46.128304,11.115278,2,0,1
130,Meano Bivio S.Lazzaro,46.127538,11.115261,2,1,1
131,Sp 76 "Piac",46.126690,11.114529,1,0,0
133,Sp 76 "Maregioli",46.130756,11.121746,2,0,0
134,Sp 76 "Maregioli",46.130894,11.121668,1,0,1
135,Meano "Campo Sportivo",46.128279,11.120263,1,1,0
136,Meano "Campo Sportivo",46.128311,11.119718,1,1,0
137,Meano "Cimitero",46.125737,11.118416,1,0,1
138,Meano "Cimitero",46.125484,11.118316,1,1,1
139,Sp 76 "Via Rossa",46.119858,11.111413,2,1,0
140,Sp 76 "Via Rossa",46.119703,11.111292,2,1,1
141,Meano Piazza Dell'assunta,46.122688,11.116842,2,0,1
142,Meano Portoni,46.123625,11.116852,2,1,1
143,Sp 76 Dos di Lamar,46.124940,11.113459,2,0,0
144,Sp 76 Dos di Lamar,46.124718,11.113015,1,0,0
145,Mesiano "Fac. Ingegneria",46.067139,11.139352,1,1,1
146,Mesiano "Fac. Ingegneria",46.067199,11.139494,1,1,0
147,Mesiano "Stazione Fs",46.064948,11.141686,1,0,0
148,Mesiano "Stazione Fs",46.065069,11.141722,1,0,0
149,Povo Valoni,46.065699,11.146415,1,1,1
150,Povo Valoni,46.065747,11.146323,1,0,1
151,Montevaccino,46.108341,11.142761,0,1,0
152,Montevaccino di Sotto,46.109440,11.139968,2,1,1
153,Montevaccino di Sotto,46.109509,11.140093,2,1,0
154,Sp 131 "Paganin",46.106289,11.137607,2,1,0
155,Sp 131 "Paganin",46.106524,11.137303,2,1,1
156,M.Vaccino "Maso Librar",46.110418,11.138431,2,0,0
157,M.Vaccino "Maso Librar",46.110776,11.138070,2,0,0
158,Ss 45 "Montevideo",46.080500,11.098330,2,1,0
159,Villazzano Valnigra,46.052093,11.146617,1,0,0
160,Villazzano Valnigra,46.052181,11.146483,1,1,0
161,Oltrecastello,46.072809,11.161953,0,0,0
162,F.Lli Fontana Gen. Cantore,46.076802,11.119111,1,1,0
163,Piazza Dante "Palazzo Pat",46.072304,11.120422,1,0,0
165,Piazza di Fiera,46.065222,11.123268,0,1,0
166,S.Francesco Porta Nuova,46.066776,11.126343,1,0,0
167,Piazza Vicenza,46.062137,11.132760,0,1,1
168,Piazza Vicenza,46.062293,11.132768,0,0,1
169,Piazzale A22,46.077292,11.111107,0,0,1
171,Brescia "Piedicastello",46.070871,11.113313,1,1,0
172,Brescia "Piedicastello",46.070494,11.111379,1,1,1
173,Tangenziale Ovest Pezcoller,46.047739,11.113561,2,1,1
174,Ponte Lodovico,46.069353,11.138954,0,0,0
175,Ponte Lodovico,46.069524,11.140197,0,0,0
176,Venezia "Port'aquila",46.069866,11.128218,2,0,1
177,Cervara "Port'aquila",46.070180,11.128080,2,0,0
178,Cervara "Port'aquila",46.070164,11.127887,1,0,1
179,Spré Pinara,46.067264,11.160933,1,0,1
180,Spré Pinara,46.067264,11.160804,1,1,0
181,Povo "Casa di Riposo",46.065663,11.159674,2,0,0
182,Povo "Casa di Riposo",46.065595,11.159526,1,0,0
183,Povo "Centro Civico",46.064163,11.152003,1,1,0
184,Povo "Centro Civico",46.063862,11.151908,2,0,1
185,Povo S.Agata,46.066292,11.156491,1,1,0
186,Povo Piazza Manci,46.065807,11.154613,1,0,1
187,Povo Piazza Manci,46.065956,11.154592,2,0,0
188,Povo "Fac. Scienze",46.063289,11.150001,1,1,1
189,Povo "Fac. Scienze",46.063316,11.150206,1,1,0
190,Povo "Polo Sociale",46.065442,11.157969,2,1,1
191,Povo "Polo Sociale",46.065632,11.157932,1,0,1
192,Ravina Masere,46.039165,11.111932,2,1,1
193,Ravina Masere,46.039202,11.112290,1,1,1
194,Ravina "Case Itea",46.037329,11.114040,1,1,0
195,Ravina "Case Itea",46.037940,11.114059,2,1,0
196,Ravina Chiesa,46.037726,11.107752,2,0,0
197,Ravina Piazza,46.037878,11.108506,1,0,1
198,Ravina Per Belvedere,46.041292,11.106156,2,0,1
199,Ravina Per Belvedere,46.041002,11.106234,1,1,0
200,Ravina Del Ponte,46.042890,11.111775,2,1,0
201,Ravina Del Ponte,46.041069,11.113113,2,0,1
202,Piazza Dante "Pal. Regione",46.071711,11.121386,1,0,0
203,Romagnano Nord,46.020174,11.110855,2,1,0
204,Romagnano Nord,46.019954,11.110894,2,1,1
205,Romagnano Fontanelle,46.015323,11.107085,2,1,1
206,Romagnano Fontanelle,46.014633,11.106833,2,1,1
207,Romagnano 7 Fontane,46.014690,11.105062,2,1,0
208,Romagnano Piazza Condini,46.017751,11.105815,1,1,1
209,Romagnano Sud,46.012858,11.105446,2,0,1
210,Romagnano Sud,46.012091,11.104949,2,1,0
211,Romagnano Rimoni,46.016783,11.108218,1,1,0
212,Romagnano Rimoni,46.016488,11.108266,1,0,1
213,Roncafort,46.101272,11.101580,0,0,0
214,Ss 12 "Zona Ind.Le Ftm",46.120242,11.105818,2,1,1
215,Povo Salé,46.062029,11.151719,1,0,1
216,Povo Salé,46.062016,11.150848,2,1,0
217,Verona "S.Bartolameo",46.050720,11.130386,1,1,0
218,Verona "S.Bartolameo",46.050944,11.130469,1,1,0
219,San Donà,46.071657,11.138305,1,0,0
220,San Donà "Chiesa",46.072153,11.138402,2,1,0
222,San Donà,46.070880,11.139529,2,1,0
223,Lamar Sponda Trentina,46.134589,11.111686,2,0,0
224,San Lazzaro Ponte Avisio,46.137886,11.118350,1,1,1
226,San Rocco Torricelle,46.038542,11.145518,2,0,1
227,San Rocco Piazza,46.036365,11.146155,1,1,1
228,Piazza Madonna Delle Laste,46.074104,11.135252,0,1,0
229,Sopramonte Piazza Oveno,46.071317,11.059204,2,0,0
230,Sopramonte Bivio Baselga,46.075572,11.058466,2,1,0
231,Sopramonte Bivio Baselga,46.075784,11.058717,2,0,1
232,Sopramonte "Valle",46.075837,11.056021,2,1,1
233,Sopramonte "Valle",46.075950,11.055785,2,1,1
234,Sopramonte "Novai",46.067706,11.061541,1,0,0
235,Sopramonte Piazza Oveno,46.071151,11.059517,2,1,0
236,Sopramonte "Bunaga",46.069103,11.056866,1,1,1
237,Sopramonte "Bunaga",46.069730,11.057694,1,0,1
238,Spini di Gardolo,46.121729,11.089886,0,1,1
239,Spini Linz,46.118514,11.096121,2,1,1
240,Spini Linz,46.118533,11.096514,2,1,1
241,Spini Monaco,46.118623,11.092762,2,1,1
242,Spini Monaco,46.118581,11.092612,2,0,1
243,Spré S.Lucia,46.069295,11.161409,2,1,1
244,Spré S.Lucia,46.069215,11.161148,2,1,0
245,Sp 85 "Soraval",46.083259,11.063951,1,1,0
246,Sp 85 "Soraval",46.083095,11.063874,2,0,0
247,Piazza Dante "Stazione Fs",46.071918,11.119565,1,0,1
248,Tavernaro Centro,46.081449,11.154816,2,0,0
249,Tavernaro Centro,46.081580,11.155094,1,0,1
250,Tavernaro "Salet",46.081815,11.157962,1,1,0
251,Tavernaro "Salet",46.082027,11.158503,1,1,0
252,Tavernaro "Villa Clementi",46.080906,11.157518,2,0,0
253,Tavernaro "Villa Clementi",46.081267,11.155966,2,1,1
255,Vela Alla Scala,46.078955,11.103560,1,0,0
256,Vela Alla Scala,46.078841,11.103469,1,1,0
257,Gardolo 4 Nov. Canova,46.098861,11.112921,1,0,0
258,Gardolo 4 Nov. "Piscina",46.104288,11.112959,1,1,1
259,Gardolo 4 Nov. Soprasasso,46.106561,11.112342,2,1,1
260,Adamello Gorizia,46.059853,11.132391,2,0,1
261,Gardolo "Stazione Ftm",46.107234,11.103857,2,0,0
262,M. Rossi "Stella D.Mattino",46.107385,11.101200,1,1,1
263,M. Rossi "Stella D.Mattino",46.107332,11.100402,2,1,0
264,Al Desert Muredei,46.051410,11.117367,2,0,1
265,Al Desert Muredei,46.050987,11.117053,1,1,0
266,Al Desert Ragazzi Del '99,46.046953,11.115700,1,1,1
267,Al Desert Ragazzi Del '99,46.047147,11.115658,1,0,1
269,Apuleio "Case Degasperi",46.073284,11.115479,1,0,1
270,Apuleio "Ponte S.Giorgio",46.076220,11.115027,2,1,1
271,Asiago "Cernidor",46.050242,11.137197,2,1,0
272,Asiago "Bellevue",46.053349,11.136341,2,0,0
273,Asiago "Bellevue",46.053209,11.136492,2,1,0
274,Asiago "Cernidor",46.049550,11.137270,2,1,1
275,Castello Buonconsiglio,46.070312,11.126961,0,1,0
276,Sanzio "Castello",46.071906,11.126018,1,0,1
277,Barbacovi "Itg Pozzo",46.064329,11.129971,1,0,0
278,Ss 47 Muralta,46.077060,11.131770,2,1,0
279,Martignano Capitel,46.082133,11.127155,2,0,0
280,Martignano Capitel,46.081763,11.126871,1,0,1
281,Bettini "Nido Mad. Bianca",46.040478,11.135348,1,0,0
282,Bettini "Nido Mad. Bianca",46.040082,11.135428,1,1,0
283,Bezzi Filzi,46.058468,11.119267,1,0,1
284,Bolghera "S.Antonio",46.058155,11.131195,1,0,1
285,Lamar "Sottostazione Enel",46.130819,11.110118,2,1,1
286,Ss 12 "Pioppeto",46.108369,11.108525,1,1,1
287,Ss 12 Bivio Meano,46.116062,11.106194,2,1,1
288,Ss 12 Canova,46.098985,11.111736,1,0,0
289,Ss 12 "Paludi",46.102643,11.110487,2,1,0
290,Ss 12 Canova,46.100264,11.111574,1,0,0
291,Brennero "Bren Center",46.091361,11.115388,1,0,1
292,Brennero "Bren Center",46.091461,11.115588,1,1,1
293,Brennero Marconi,46.082902,11.120500,1,1,0
294,Brennero Malvasia,46.077970,11.123271,1,0,0
295,Brennero Marconi,46.083721,11.119819,1,0,0
296,Brennero "Magnete",46.089442,11.116524,1,1,1
297,Brennero "Ex Scalo Filzi",46.079982,11.122129,1,1,1
298,Brennero "Ex Scalo Filzi",46.079301,11.122352,1,1,1
300,Brennero "Tridente",46.086479,11.118444,1,0,0
301,Brigata Acqui "Itc Tambosi",46.065347,11.128397,1,0,1
303,Roncafort Bettine,46.097530,11.102645,2,1,1
304,Caneppele Goio,46.094476,11.105224,2,1,0
305,Caneppele Goio,46.094431,11.105002,2,1,0
306,Cervara Cereria,46.074171,11.128503,2,0,1
307,Cervara Cereria,46.074158,11.128324,2,1,0
308,Martignano Cesarini,46.086272,11.129173,2,0,1
309,Martignano Cesarini,46.087138,11.129664,2,0,1
310,Conci De Riccabona,46.039645,11.140940,2,0,1
311,Conci De Riccabona,46.039407,11.140406,1,0,1
312,Conci Ferrovia,46.039366,11.137713,2,0,1
313,Conci Ferrovia,46.039884,11.137450,2,0,0
314,Degasperi Anna Frank,46.050202,11.124014,1,0,0
315,Degasperi Anna Frank,46.051100,11.123048,1,0,0
316,Degasperi "Palazzo Stella",46.043178,11.129226,1,1,1
317,Degasperi "Palazzo Stella",46.042978,11.129675,1,0,1
318,Degasperi "Big Center",46.044871,11.128023,1,0,0
319,Degasperi "Big Center",46.044947,11.128125,2,1,1
320,Degasperi La Clarina,46.048058,11.126671,1,1,0
321,Degasperi La Clarina,46.048681,11.126244,1,0,1
322,Dei Mille "Villa Igea",46.062491,11.127798,1,0,1
323,Dei Mille "Villa Igea",46.062506,11.127980,1,0,0
324,Villazzano "Villa De Mersi",46.048131,11.143325,1,1,1
325,Martignano Costiole,46.092274,11.132619,1,1,1
326,Martignano Costiole,46.092513,11.132433,2,0,1
327,Martignano Castori,46.083357,11.127844,2,1,1
328,Martignano Castori,46.083311,11.127680,1,0,1
329,Dos Trento Mariano,46.074598,11.113355,1,1,1
330,Dos Trento Apuleio,46.073022,11.114840,1,1,1
331,Ponte S.Giorgio,46.076974,11.114126,0,0,0
333,F.Lli Fontana Gen. Cantore,46.076989,11.118888,1,0,0
334,F.Lli Fontana Oberziner,46.077461,11.116746,1,1,1
335,Fermi La Clarina,46.048733,11.128983,1,0,0
338,Fogazzaro "Piscina",46.056280,11.130461,1,1,1
339,Fogazzaro "Piscina",46.055966,11.129607,1,0,1
340,Ss 349 Pozzata,46.039535,11.144067,2,1,0
342,Gandhi "Parco Anna Frank",46.051690,11.124399,1,0,1
344,Gerola "Ospedale S.Chiara",46.058390,11.133083,1,1,1
345,Ghiaie Monte Baldo,46.056275,11.116059,2,1,0
346,Ghiaie "Giardinerie",46.053228,11.116713,1,0,0
347,Giovanelli "Osp. S.Camillo",46.065486,11.131888,1,1,0
348,Giusti Pascoli,46.060365,11.118905,1,0,1
349,Giusti "Arcivescovile",46.061394,11.119037,1,1,1
350,Gocciadoro "Arcate",46.054911,11.133803,1,0,0
351,Gocciadoro "Poliambulatori",46.055618,11.132175,1,1,1
352,Gorizia Adamello,46.059883,11.131324,1,0,0
353,Gramsci "Materna La Clarina",46.053319,11.125586,1,1,0
354,Gramsci Einaudi,46.052679,11.128123,2,0,1
355,Grazioli Brigata Acqui,46.067096,11.128806,2,0,0
356,Guardini Gilli,46.091986,11.119077,1,0,1
357,Guardini Gilli,46.091235,11.119265,2,1,0
358,Lunelli Centochiavi,46.092703,11.119933,1,1,1
360,Maccani "Rotatoria",46.082766,11.114827,1,0,0
361,Maccani Commercio,46.091714,11.107506,1,1,1
362,Maccani Commercio,46.091592,11.107446,1,1,0
363,Maccani Campotrentino,46.085772,11.112483,1,1,0
364,Maccani Campotrentino,46.085490,11.112576,2,1,0
365,Maccani Abondi,46.080929,11.116574,1,0,0
366,Maccani Abondi,46.080801,11.116525,1,1,0
368,Maccani "Polizia Locale",46.089720,11.109146,1,0,0
369,Maccani "Polizia Locale",46.090563,11.108256,1,0,0
370,Maccani "Rotatoria",46.082853,11.114964,1,0,0
371,Maccani "Ex Sloi",46.087888,11.110717,1,1,0
372,Maccani "Ex Sloi",46.087847,11.110576,1,0,0
374,Marconi Solteri,46.084413,11.121319,2,0,0
375,Marconi Solteri,46.084544,11.121728,1,1,1
376,Villazzano Marzola,46.046672,11.148785,2,0,0
377,Villazzano Marzola,46.046549,11.149055,2,1,0
378,Villazzano Giordano,46.050679,11.148461,2,0,1
379,Villazzano Giordano,46.050736,11.148323,2,1,1
380,Mattioli Vittorio Veneto,46.058839,11.122518,1,0,1
382,Menguzzato Al Casteller,46.038223,11.134505,2,0,0
383,Menguzzato "Centro Civico",46.040450,11.131687,1,0,1
384,Menguzzato "Centro Civico",46.040108,11.132067,1,0,0
385,Menguzzato Al Casteller,46.038106,11.134132,1,1,0
386,Milano A Prato,46.060791,11.127599,2,0,1
387,Milano A Prato,46.060724,11.127668,1,0,0
388,Missioni Africane,46.076761,11.128226,0,0,0
389,Quattro Strade,46.075588,11.128239,0,0,1
390,Quattro Strade,46.076150,11.128127,0,1,0
391,Missioni Africane,46.078671,11.127108,0,1,0
392,Monte Baldo Ghiaie,46.057153,11.115160,2,0,0
393,Muredei Prati,46.056966,11.118122,2,1,0
395,Muredei Benevoli,46.053729,11.118202,2,0,1
397,Oberziner Alpini,46.078744,11.117586,1,0,0
400,Pasubio Adamello,46.060030,11.133378,1,0,1
401,F.Lli Perini 3 Novembre,46.060903,11.124396,1,0,1
402,Piave "Parco S.Chiara",46.064151,11.127560,2,1,1
403,Romagnosi Vannetti,46.072994,11.122647,1,0,0
404,Rosmini "Cimitero" / Muse,46.064185,11.119427,1,0,0
405,Rosmini "Cimitero" / Muse,46.063746,11.119592,1,0,0
406,Rosmini S.Maria Maggiore,46.067847,11.118864,1,1,0
407,Rosmini S.Maria Maggiore,46.068101,11.118638,1,1,0
408,3 Nov. "Centro S.Chiara",46.062231,11.123668,1,0,0
409,3 Nov. "Centro S.Chiara",46.062181,11.123928,1,0,1
410,S.Francesco Porta Nuova,46.067076,11.126223,1,0,0
412,S.Pio X Matteotti,46.056397,11.119941,1,1,0
413,S.Pio X Largo Prati,46.056863,11.119120,1,1,0
414,S.Pio X Benevoli,46.053951,11.120493,1,0,1
415,S.Pio X Benevoli,46.053807,11.120733,1,0,0
416,Sanseverino S.Nicolò,46.052352,11.112013,1,0,1
417,Sanseverino S.Nicolò,46.051036,11.111606,1,1,1
420,Segantini Centa,46.075602,11.122395,1,1,1
421,Segantini Dogana,46.074211,11.121457,2,1,1
422,Solteri "Piazzina",46.085490,11.122558,1,1,1
423,Solteri "Piazzina",46.085517,11.122387,2,0,0
424,Solteri Largaiolli,46.089937,11.120938,1,0,0
425,Solteri Largaiolli,46.090006,11.120772,1,0,1
426,Solteri "Nido La Trottola",46.087986,11.121271,1,0,1
427,Solteri "Nido La Trottola",46.087571,11.121351,1,0,0
428,Gardolo Soprasasso,46.105678,11.107550,2,0,0
429,Gardolo Soprasasso,46.105504,11.107292,1,1,1
430,Gardolo "Cimitero",46.106505,11.105508,1,0,1
431,Parco Del Dos Trent,46.073381,11.107446,0,0,0
432,Parco Del Dos Trent,46.073309,11.107374,0,0,1
433,Brescia Divisioni Alpine,46.071056,11.109687,2,1,1
434,Brescia Divisioni Alpine,46.070913,11.109657,2,1,1
435,Vela S.Giorgio,46.076202,11.105078,2,1,0
436,Vela S.Giorgio,46.076062,11.105184,1,1,1
437,Dos Trento "Centro Sportivo",46.075677,11.106980,2,0,0
438,Dos Trento "Centro Sportivo",46.075319,11.107403,2,1,0
439,Sp 90 "Maso Prudenza",46.028867,11.111518,2,0,1
440,Sp 90 "Maso Prudenza",46.029291,11.111768,2,1,0
441,Maso Rossi Aichner,46.105160,11.100561,2,1,1
443,Torre Verde Galasso,46.070659,11.122783,2,1,1
444,Travai Al Nuoto / Muse,46.064556,11.120923,1,0,1
446,Vittorio Veneto "S.Giuseppe",46.057773,11.119304,1,1,1
447,Vittorio Veneto Lorenzoni,46.058577,11.123833,1,0,1
448,Largo Prati,46.057498,11.117145,0,1,0
449,Largo Prati,46.057417,11.117427,0,0,1
450,Venezia Cave,46.066609,11.131481,2,1,0
451,Venezia Cave,46.066491,11.132672,2,0,0
452,Venezia "Corallo",46.068570,11.136385,1,1,1
453,Venezia "Corallo",46.069162,11.136344,1,1,1
454,Vicenza Montello,46.061671,11.135928,1,0,1
455,Vicenza Montello,46.061779,11.135818,1,0,1
456,Zambra "Ist. D'arte Vittoria",46.092337,11.116355,1,1,1
457,Verona Fogazzaro,46.056511,11.128369,1,0,1
458,Verona Fogazzaro,46.056408,11.128664,1,0,1
459,Verona "Palazzo Stella",46.043575,11.131163,1,0,1
460,Verona Menguzzato,46.042589,11.131402,2,1,0
461,Verona "Questura",46.047816,11.130988,2,1,1
462,Verona Einaudi,46.052915,11.129680,1,1,1
463,Verona Einaudi,46.052747,11.129877,1,1,1
464,Verona "Questura",46.048049,11.131240,2,0,0
466,3 Nov. "Ponte Cavalleggeri",46.059292,11.126667,1,1,1
467,Vigo Meano Rio Papa,46.133302,11.132595,2,0,1
468,Vigo Meano Rio Papa,46.133567,11.132448,2,1,0
469,Vigo Meano Piazza Stainer,46.131627,11.134221,1,0,0
470,Vigo Meano Piazza Stainer,46.132011,11.134079,1,0,0
471,Gazzadina Al Molar,46.130605,11.130763,2,0,0
472,Gazzadina Al Molar,46.130546,11.130626,2,1,1
473,Villazzano Villa Belfonte,46.043516,11.149662,1,0,1
474,Villazzano Villa Belfonte,46.043655,11.149735,1,0,0
475,Villazzano "Villa Tambosi",46.043856,11.140563,1,0,1
476,Villazzano "Villa Tambosi",46.043868,11.140227,1,0,0
477,Villamontagna P.Predaroi,46.086140,11.160223,1,1,1
478,Villamontagna "Michei",46.084200,11.162874,2,0,1
479,Villamontagna "Michei",46.084635,11.163250,2,0,0
481,Villazzano "Chiesa",46.049549,11.144075,2,1,0
484,Villazzano Piazza Nicolini,46.048987,11.145973,1,0,1
485,Villazzano Piazza Nicolini,46.049117,11.146032,1,1,0
486,Villazzano Banala,46.047513,11.142275,1,1,1
488,Conci "Villazzano 3",46.041088,11.140549,1,0,0
490,Zell Marnighe,46.080366,11.138210,1,1,1
491,Zell Marnighe,46.079985,11.138878,1,1,0
492,Spini "Officine",46.118327,11.100620,2,0,1
493,Spini "Officine",46.118172,11.100937,2,1,0
494,Spini "Zona Ind.Le Ftm",46.118119,11.103688,2,0,1
495,Spini "Zona Ind.Le Ftm",46.118029,11.103635,2,0,0
496,Spini Klagenfurt,46.117775,11.094238,1,1,0
497,Spini Klagenfurt,46.117756,11.094421,1,1,0
524,3 Nov. "Ponte Cavalleggeri",46.059418,11.126260,1,1,0
527,Meano "Centro Civico",46.126523,11.116678,1,1,1
1278,Corso Bettini Liceo,45.896138,11.043341,1,0,1
1279,Corso Bettini Liceo,45.895066,11.043408,1,0,0
1280,Corso Bettini "Mart",45.893031,11.043615,1,0,1
1281,Corso Bettini "Mart",45.892816,11.043902,2,0,1
1282,Corso Rosmini Via Savioli,45.890973,11.038502,1,0,1
1283,Corso Rosmini Monumento,45.890870,11.042856,1,1,0
1284,Corso Rosmini Posta,45.890973,11.041256,1,1,0
1285,Corso Rosmini Via Savioli,45.890912,11.038264,1,1,1
1286,Corso Verona Ospedale,45.882344,11.040383,1,0,1
1287,Lizzanella Corso Verona,45.875566,11.034069,2,0,0
1289,Corso Verona Ospedale,45.881066,11.039618,2,1,1
1290,Via Vicenza Via Cartiera,45.887155,11.050410,2,0,1
1291,Via Vicenza Via Cartiera,45.887187,11.051158,2,1,0
1292,Chiusole,45.925520,11.052171,2,0,0
1293,Chiusole,45.925390,11.053590,2,0,0
1295,Costa Capolinea,45.884218,11.072909,2,0,0
1296,Sp.2 Loc. Beccache',45.882087,11.071641,2,1,1
1297,Marco Via Pinera,45.847835,11.011729,2,0,0
1298,Marco Centro,45.844005,11.008642,2,0,0
1299,Marco Chiesa,45.841765,11.007814,1,0,0
1300,Marco Via Alla Ghiffa,45.840118,11.009467,2,1,1
1301,Marco,45.836852,11.011187,0,1,0
1302,Marco Via Alla Ghiffa,45.840222,11.009562,2,0,1
1303,Marco Chiesa,45.841469,11.008280,2,1,1
1304,Marco Centro,45.843767,11.008608,1,1,0
1305,Marco Via Pinera,45.847568,11.011565,2,0,1
1307,Nogaredo Via Zuccate,45.912139,11.025270,2,0,0
1308,Nogaredo Via Zuccate,45.912212,11.025260,2,0,0
1309,Nomi "Casa di Riposo",45.927893,11.076791,2,1,0
1310,Nomi Piazza Springa,45.928891,11.072083,2,1,0
1311,Piazzale Orsi Stazione Fs,45.890189,11.034268,1,0,1
1312,Stazione Fs,45.890593,11.034103,0,0,1
1313,Piazzale S.Giorgio Est,45.895511,11.029590,0,1,1
1314,Piazzale S.Giorgio Ovest,45.895699,11.028853,0,1,1
1315,Piazzale S.Maria Ospedale,45.883438,11.040501,1,1,1
1316,Piazzale S.Maria Ospedale,45.883617,11.040936,1,0,1
1318,Piazza Manifattura,45.883923,11.021151,0,0,1
1319,Piazza Manifattura,45.883838,11.020769,0,1,1
1320,Piazza Battisti,45.890071,11.043905,0,1,0
1322,Piazza Podestà,45.886586,11.045627,0,0,0
1323,Piazza S.Marco,45.888708,11.045292,0,1,1
1324,Piazzo,45.922256,11.033880,1,0,1
1325,Piazzo,45.922219,11.033930,2,1,0
1326,Pomarolo Chiesa,45.926469,11.045295,2,0,0
1327,Pomarolo Chiesa,45.926386,11.045656,2,1,1
1328,Pomarolo Via Degasperi,45.926343,11.042438,2,0,1
1329,Pomarolo Via Degasperi,45.926217,11.042434,2,0,0
1331,S.Ilario Sav,45.908213,11.040561,2,0,1
1332,S.Ilario Via Monti,45.910990,11.040805,2,0,1
1333,S.Ilario Sav,45.908078,11.040655,2,0,1
1334,Sp.2 Loc. Beccache',45.882063,11.071731,2,0,0
1335,Viale Dei Colli "Distributore",45.887518,11.059252,2,1,0
1337,Viale Dei Colli "Distributore",45.887439,11.059539,2,0,0
1338,Sp.2 Fr. Campolongo,45.886995,11.063900,1,1,1
1339,Sp.2 Noriglio,45.884264,11.070321,2,1,1
1340,Sp.2 Noriglio,45.884371,11.069841,2,1,0
1341,Sp.2 Fr. Campolongo,45.886988,11.063992,1,0,1
1342,Noriglio Via Dei Cimbri,45.884696,11.069649,2,0,1
1343,Lizzana Cristo,45.866956,11.030830,2,0,1
1347,Lizzana Cristo,45.867259,11.030838,1,1,1
1348,Lizzana Scuole Medie,45.870236,11.031117,1,0,1
1349,Lizzana Scuole Medie,45.870623,11.031131,1,1,1
1350,Lizzanella Ss.12,45.875522,11.031820,2,0,0
1351,Lizzanella Ss.12,45.875686,11.032029,2,0,0
1357,Via Benacense Via Fiume,45.882042,11.038359,1,0,1
1358,Via Benacense Via Fiume,45.881993,11.038493,1,0,0
1359,Via Benacense Parco Ferrari,45.878073,11.033316,1,0,0
1360,Via Benacense Scuole Dante,45.879617,11.035042,1,0,1
1361,Via Benacense Scuole Dante,45.879709,11.035210,1,1,0
1362,Via Benacense Parco Ferrari,45.877921,11.033240,1,1,0
1363,Via Cavour Via Riva,45.887219,11.034765,1,1,0
1364,Via Cavour,45.887164,11.038516,0,1,0
1365,Via Cavour Via Riva,45.887293,11.034162,1,0,0
1366,Via Cavour,45.887090,11.038239,0,1,0
1367,Via Cesari Stazione Fs,45.890279,11.035656,2,1,0
1369,Via Dante Borgo S.Caterina,45.889593,11.040459,2,0,1
1370,Via Dante Mon. All'alpino,45.886730,11.040386,2,0,0
1371,Via Dante Mon. All'alpino,45.886067,11.040304,2,0,0
1372,Viale Dei Colli Sc. Alberghiera,45.891067,11.047187,2,0,0
1373,Viale Dei Colli Sc. Alberghiera,45.891046,11.047334,2,0,0
1374,Viale Dei Colli S.Biagio,45.890313,11.050116,2,0,0
1375,Viale Dei Colli S.Biagio,45.890265,11.050137,2,1,0
1376,Via Driopozzo Bivio Solatrix,45.899638,11.044449,2,1,0
1378,Via Lungo Leno Destro,45.884856,11.038584,0,1,0
1380,Via Giovannini,45.907026,11.043152,0,1,1
1381,Via Magazol Via Cimarosa,45.899835,11.039967,2,1,0
1383,Via Manzoni "Dolomiti En.",45.893370,11.036066,2,1,0
1384,Via Manzoni "Dolomiti En.",45.893369,11.036192,2,0,1
1385,Via Balista,45.894967,11.032629,0,0,0
1386,Via Balista,45.894961,11.032736,0,0,0
1388,Via Manzoni Via Paoli,45.892237,11.039368,1,0,0
1389,Via Paoli Piazza 25 Aprile,45.893116,11.040063,1,0,1
1391,Via Paoli,45.891431,11.040036,0,1,1
1392,Via Pasubio Via Unione,45.887465,11.024940,1,0,0
1393,Via Pasubio Viale Vittoria,45.887211,11.030666,1,1,0
1394,Via Pasubio Viale Vittoria,45.887266,11.030140,2,0,1
1395,Via Pasubio Via Unione,45.887505,11.024735,2,1,1
1397,Via A Prato,45.893666,11.030579,0,1,1
1398,Via Puccini Via Perosi,45.903786,11.045040,1,1,1
1399,Via Puccini Via Donizetti,45.901372,11.046218,2,1,0
1400,Via Pellico Brione,45.904569,11.042574,2,1,0
1401,Via Saibanti,45.888163,11.036726,0,1,0
1402,Via Saibanti,45.888111,11.036705,0,0,1
1404,Piazzale Orsi Ist. Veronesi,45.891328,11.034568,1,0,1
1405,Via Tiella,45.907669,11.043755,0,0,1
1408,Via Unione Scuole Degasperi,45.885236,11.023280,2,1,0
1409,Via Unione Scuole Degasperi,45.885564,11.023168,2,0,1
1410,Via Zeni "Meccatronica",45.890466,11.032703,2,0,1
1411,Via Zeni "Meccatronica",45.891014,11.032712,1,1,1
1412,Viale Trento Via Magazol,45.899562,11.042139,1,1,0
1413,Viale Trento Via Magazol,45.899617,11.042205,1,1,1
1414,Viale Trento Via Brione,45.901770,11.041485,1,0,1
1415,Viale Trento Via Brione,45.901722,11.041664,1,0,0
1416,Viale Trento Via Salvetti,45.906610,11.040102,2,0,1
1417,Viale Trento Via Salvetti,45.906689,11.040209,2,0,1
1418,Viale Vittoria Via Zotti,45.885459,11.025869,2,1,1
1419,Viale Vittoria Fucine,45.886441,11.029401,1,0,0
1420,Viale Vittoria Via Zotti,45.885252,11.025382,1,0,0
1421,Viale Vittoria Fucine,45.886286,11.029022,1,1,1
1422,Ss.12 "Rovercenter",45.864490,11.029336,2,0,0
1424,Villa Lagarina Via Alpini,45.914559,11.034085,2,1,0
1425,Villa Lagarina Via Alpini,45.914750,11.033817,2,1,1
1426,Villa Lagarina Via Solari,45.917108,11.028804,1,1,0
1427,Villa Lagarina Via Solari,45.917136,11.028753,2,1,1
1429,Villa Lagarina V. Zandonai,45.912508,11.031746,2,1,1
1431,Via Craffonara,45.886658,11.034354,0,1,0
1432,Via Monte Corno,45.893136,11.037611,0,1,1
1433,Via Parteli,45.896472,11.036766,0,0,1
1434,Via Pasqui,45.899597,11.037396,0,0,1
1437,Viale Caproni "Sony",45.865476,11.010391,2,0,1
1440,Viale Dell'industria,45.871736,11.020684,0,0,1
1442,Viale Del Lavoro "Aticarta",45.866718,11.023452,2,0,1
1443,Viale Del Lavoro "Rovercenter",45.863613,11.027011,2,1,1
1444,Via S.Maria,45.884661,11.042933,0,0,1
1445,Via Sighele Stazione Fs,45.891265,11.035480,1,0,1
1446,Via Zotti Via Cevedale,45.885722,11.025831,1,0,1
1447,Via Zotti,45.886239,11.021003,0,0,1
1504,Via Fornaci "Texbond",45.860058,11.005382,2,1,1
1685,Via Macello,45.894308,11.032787,0,0,0
2120,Zambra "Top Center",46.091075,11.117771,1,0,0
2189,Piazza Dante "Dogana",46.072593,11.119946,1,0,0
2213,Bivio Per Senter,45.881212,11.077471,0,1,0
2214,Bivio Per Senter,45.881441,11.077606,0,0,1
2215,Brancolino,45.902185,11.020151,2,1,0
2216,Brancolino,45.902219,11.020268,2,0,1
2217,Brancolino Sp.90,45.900719,11.020252,1,1,1
2218,Brancolino Sp.90,45.900853,11.020409,1,1,0
2219,Casa Del Falegname,45.885721,11.076342,0,1,1
2220,Casa Del Falegname,45.885630,11.076355,0,0,1
2221,Casa Nel Bosco,45.882386,11.076316,0,0,0
2222,Casa Nel Bosco,45.882347,11.076347,0,1,1
2223,Castellano Centro,45.923357,11.007700,2,1,0
2224,Cisterna,45.883094,11.086348,2,1,1
2225,Cisterna,45.883158,11.086397,2,1,1
2226,Cornale',45.881541,11.010791,2,0,0
2227,Cornale',45.881500,11.010728,2,1,1
2229,Folaso,45.887066,11.001260,2,1,1
2230,Folaso,45.887214,11.001312,2,0,0
2231,Isera Via Rosina,45.887566,11.010586,2,1,1
2232,Isera Via Rosina,45.887771,11.010709,2,1,0
2233,Isera Cimitero,45.888588,11.011860,2,1,1
2234,Isera Cimitero,45.888491,11.011702,2,0,0
2237,Lenzima,45.878491,10.992325,0,0,0
2238,Marano,45.895859,11.015487,2,0,1
2239,Marano,45.895743,11.015470,2,1,0
2240,Maso Mortal,45.882809,11.079505,2,1,1
2241,Maso Mortal,45.882917,11.079468,2,1,0
2242,Moietto,45.894865,11.086015,0,0,0
2243,Molina,45.855439,10.986615,2,1,0
2244,Molina,45.855393,10.986690,2,1,1
2245,Mori Bar Centrale,45.851666,10.978852,2,0,1
2246,Mori Piazza Cal di Ponte,45.851720,10.977891,2,0,0
2247,Mori Via Garibaldi,45.853043,10.975310,1,0,1
2248,Mori Piazzale Kennedy,45.851716,10.979140,1,0,0
2249,Mori Via Don Sturzo,45.853419,10.970184,1,1,0
2250,Mori Via Filzi,45.854286,10.972108,1,0,1
2253,Noarna,45.911090,11.012495,2,1,1
2254,Noarna,45.910988,11.012478,2,1,1
2255,Nogaredo Municipio,45.912062,11.023050,2,0,0
2256,Nogaredo Municipio,45.911989,11.023086,2,1,1
2257,Nogaredo Vignai,45.910710,11.019921,2,0,0
2258,Nogaredo Via Dei Colli,45.911742,11.021479,2,1,1
2259,Nogaredo Scuole Elementari,45.909317,11.022388,2,1,0
2260,Nogaredo Scuole Elementari,45.909324,11.022320,2,1,1
2261,Villa Lagarina Via Marconi,45.915659,11.027759,2,0,0
2262,Villa Lagarina Via Marconi,45.914818,11.027748,2,1,1
2265,Noriglio Cassa Rurale,45.883717,11.069232,2,0,1
2266,Noriglio Mon. Ai Caduti,45.883665,11.070375,2,0,1
2267,Patone,45.902767,11.000421,0,0,0
2268,Pedersano Capolinea,45.922625,11.020452,2,0,1
2271,Pedersano Centro,45.918006,11.019784,2,0,0
2272,Pedersano Centro,45.917890,11.019715,2,1,0
2273,Piazza Filzi Via Del Porto,45.884058,11.017994,1,1,1
2274,Ravazzone,45.860012,10.991222,2,1,1
2275,Mori Stazione Via Stazione,45.861992,11.000504,2,1,1
2276,Mori Stazione Via Stazione,45.861835,11.000756,2,0,1
2277,Reviano,45.891169,11.007339,2,0,0
2278,Reviano,45.891587,11.007135,2,0,1
2281,S.Ilario Iti,45.910932,11.042028,2,1,0
2282,S.Ilario Iti,45.909897,11.041742,2,0,0
2283,S.Ilario Via Stroperi,45.912442,11.043807,1,1,1
2284,S.Ilario Via Stroperi,45.912526,11.044025,1,1,0
2285,Sp.20 S.Sisinio,45.924877,11.021090,2,1,1
2286,Sp.20 Zisi,45.931009,11.022100,2,0,0
2287,Sp.20 Zisi,45.931416,11.022114,2,1,0
2288,Sp.20 S.Sisinio,45.924981,11.021091,2,0,1
2289,Ss.240 "Millennium Sud",45.868678,11.014117,2,1,0
2291,Ss.240 "Millennium Sud",45.868802,11.014168,2,1,1
2292,Ravazzone,45.858843,10.990639,2,0,0
2293,Ss.240 "Millennium Nord",45.870320,11.016767,2,0,0
2294,Ss.240 "Millennium Nord",45.870588,11.017356,2,1,1
2295,Saltaria,45.895428,11.067235,2,0,1
2296,Saltaria,45.895205,11.067406,2,0,0
2297,Sano,45.846341,10.951530,0,1,0
2298,Sasso,45.904055,11.013669,2,0,0
2299,Sasso,45.904012,11.013552,2,0,1
2300,Senter,45.877509,11.089405,0,0,1
2301,Tierno Via Cooperazione,45.846039,10.979226,1,0,1
2302,Tierno Via Battisti,45.847813,10.977933,2,1,0
2303,Tierno Via Terra Nera,45.847758,10.983714,1,1,0
2304,Toldi,45.897923,11.061751,0,1,1
2307,Via D.Chiesa,45.886200,11.019382,0,1,1
2309,Via Della Libertà,45.884868,11.017590,0,0,1
2310,Via Driopozzo Bivio Solatrix,45.898720,11.044441,2,1,1
2311,Via Fedrigotti Chiesa,45.884259,11.020419,2,0,0
2312,Noriglio Via Fontani,45.884341,11.068684,2,0,1
2318,Via Lagarina,45.910398,11.039907,0,1,1
2319,Via Magazol Viale Trento,45.898989,11.042022,1,1,1
2321,Via Lagarina,45.910879,11.039809,0,1,1
2322,Via Puccini Via Donizetti,45.901706,11.046259,1,1,0
2323,Via Puccini Via Perosi,45.904525,11.044653,1,1,1
2325,Noriglio Via Valteri,45.886141,11.065258,2,1,1
2329,Via Vicenza Via Asiago,45.885561,11.059523,2,0,1
2330,Viale Caproni "Chizzola",45.868365,11.022468,2,1,0
2331,Viale Del Lavoro "Aticarta",45.866295,11.023866,2,0,0
2332,Viale Dell'industria,45.871749,11.020844,0,0,1
2333,Villa Lagarina Via Magrè,45.917709,11.033241,1,0,1
2334,Villa Lagarina Via Magrè,45.917520,11.033500,1,1,1
2335,Villa Lagarina V.Segantini,45.916175,11.034148,2,1,1
2336,Villa Lagarina V.Segantini,45.916240,11.034111,1,1,0
2337,Volano Ss.12,45.917872,11.064022,2,0,1
2338,Volano Ss.12,45.917904,11.063864,2,0,1
2339,Volano Via Roma,45.917155,11.069925,1,1,1
2340,Volano Des Tor,45.917486,11.057510,2,1,0
2341,Volano Via Europa,45.916495,11.057175,2,1,1
2342,Zaffoni,45.891311,11.065551,2,0,1
2343,Zaffoni,45.891281,11.065712,2,1,0
2354,Via All'adige,45.888337,11.019065,0,1,1
2355,Pomarolo Via Rossaro,45.925820,11.047488,2,1,0
2356,Pomarolo Via Del Pionte,45.925107,11.048119,2,0,0
2359,Molini,45.913940,11.021209,2,0,0
2360,Lago di Cei Bellaria,45.957515,11.032163,2,1,0
2361,Lago di Cei,45.951091,11.023204,2,0,1
2362,Lago di Cei Albergo,45.948219,11.015833,2,0,0
2363,Sp.20 Maso Tiaf,45.936511,11.008595,2,1,0
2364,Sp.20 Bivio Per Bordala,45.930910,11.007170,2,0,0
2365,Castellano Centro,45.923278,11.007615,2,1,0
2367,Sp.20 Bivio Per Bordala,45.930864,11.007231,2,0,0
2368,Sp.20 Maso Tiaf,45.935890,11.008592,2,1,0
2369,Lago di Cei Capitello,45.947490,11.014816,2,0,1
2370,Lago di Cei,45.951043,11.023396,2,0,0
2372,Molini,45.914137,11.021268,2,1,1
2377,Sp 76 Bivio S.Lazzaro,46.129007,11.115496,2,1,1
2380,Trener "3 Torri Pat",46.095023,11.116755,2,1,0
2383,Guardini "Centochiavi",46.092562,11.118577,1,1,0
2384,Zambra "Top Center",46.091124,11.117963,2,1,1
2385,Zambra "Ist. D'arte Vittoria",46.092508,11.116288,2,1,1
2386,Meano "Centro Civico",46.127449,11.116516,1,1,0
2389,Centochiavi Lunelli,46.092618,11.120546,1,1,0
2391,Via Rovigo,45.880486,11.038138,0,1,0
2394,Piazza Guella,45.867441,11.031930,0,0,0
2395,Largo S.Floriano,45.866422,11.032695,0,1,0
2397,Via Cornacalda,45.866722,11.034906,0,1,1
2398,Via Della Cisterna,45.867981,11.034818,0,0,0
2404,Romagnano 7 Fontane,46.014314,11.104348,2,1,0
2405,Travai Piazza Fiera,46.064779,11.122235,2,1,1
2406,Ghiaie "Giardinerie",46.052906,11.117026,1,0,0
2407,Ghiaie Monte Baldo,46.056336,11.116199,2,0,0
2408,Parcheggio Zuffo,46.075042,11.109710,0,0,1
2409,Cavalcavia S.Lorenzo,46.070353,11.119104,0,0,0
2410,Parcheggio Monte Baldo,46.057138,11.113784,0,1,1
2412,Piazzale A22,46.077383,11.111233,0,1,1
2418,Ss 12 "Pioppeto",46.108623,11.108714,1,1,0
2419,Ss 12 S.Anna,46.112409,11.107435,2,0,0
2421,Via A Prato,45.893566,11.030776,0,1,0
2422,Roncafort "Asilo",46.100827,11.101807,1,0,1
2423,Maso Rossi Aichner,46.105166,11.100782,2,0,1
2424,S.Lorenzo "Funivia",46.070046,11.116680,2,1,1
2426,S.Lorenzo "Funivia",46.070304,11.117239,1,0,1
2430,Sanseverino Monte Baldo,46.057694,11.112576,2,1,0
2431,Sanseverino "Albere"/Muse,46.063335,11.113224,1,0,0
2432,Sanseverino Verdi,46.065847,11.114262,1,1,1
2435,Brescia "Ca Dei Gai",46.073516,11.105351,2,1,0
2437,Ravina Della Croce,46.040974,11.110972,1,0,0
2438,Ss 12 Talvera,46.103288,11.110542,1,0,0
2446,Ghiaie "Zona Ind.Le Ftm",46.119114,11.105298,2,1,1
2447,Ghiaie Salisburgo,46.122767,11.103333,2,0,0
2448,Ghiaie "Sc. Materna",46.124931,11.099733,2,0,0
2449,Spini Praga,46.123637,11.097414,2,1,0
2453,Palazzine Maso S.Antonio,46.115041,11.101841,2,1,1
2454,Crosare Officina,46.110069,11.105482,2,0,1
2455,Crosare Parcheggio,46.107992,11.105390,2,0,1
2457,Gardolo Castel di Gardolo,46.113908,11.110611,2,1,0
2458,Gardolo Castel di Gardolo,46.113885,11.111221,2,1,1
2470,Jedin Sanseverino,46.051140,11.114412,2,0,1
2472,Lamar "Via Rossa",46.121491,11.106409,2,0,1
2474,Via Vallunga Bivio M. Pipel,45.895243,11.052058,2,1,1
2475,Maso Valduga,45.899926,11.054671,2,0,1
2476,Bosco Della Citta',45.901614,11.055392,0,0,0
2477,Maso Valduga,45.899768,11.054285,2,1,1
2478,Via Vallunga Bivio M. Pipel,45.895243,11.051971,2,0,0
2481,Viale Dei Colli Via Vallunga,45.891091,11.049781,2,1,1
2482,Viale Dei Colli Via Vallunga,45.891342,11.049816,2,0,1
2483,Sopramonte "Campra",46.078492,11.058287,1,0,1
2484,Sopramonte "Campra",46.078730,11.058128,1,0,1
2485,Brescia "Ca Dei Gai",46.073335,11.105636,2,1,1
2488,Pranzelores "Top Center",46.089854,11.118521,1,0,0
2489,Pranzelores "Tridente",46.086558,11.120060,1,1,1
2490,Povo Pantè,46.064013,11.150936,2,0,1
2491,Roncafort Caproni,46.100115,11.099704,1,0,1
2492,Roncafort Bettine,46.097545,11.102217,1,0,1
2494,Corso Verona Via Cainelli,45.877270,11.035961,2,0,1
2497,Ponte di Ravina,46.045489,11.113298,0,1,0
2498,Ponte di Ravina,46.045521,11.113600,0,0,0
2499,Villazzano "Chiesa",46.049488,11.143839,1,0,0
2500,Ss 45 "Scala",46.077367,11.099788,2,0,1
2501,Sopramonte "M.Petoci",46.066954,11.059506,2,1,0
2502,Vigo Meano Don Perugini,46.132987,11.133917,2,1,0
2504,Mori Via Del Garda,45.851519,10.972510,2,0,0
2505,Cognola "Chiesa",46.076326,11.141352,1,0,0
2506,Muralta Valsugana,46.076656,11.130373,2,0,1
2508,Toldi,45.897970,11.061611,0,0,1
2509,Costa,45.884401,11.072916,0,0,0
2510,Sp.2 Bivio Per Cisterna,45.881281,11.075364,2,1,1
2511,Isera P.Zza S.Vincenzo-O.,45.885459,11.009155,2,0,1
2514,Ss.240 Ponte Sull'adige,45.863191,10.997287,2,0,1
2515,Ss.240 Ponte Sull'adige,45.863235,10.997353,2,1,1
2520,Verdi Inama,46.066496,11.117755,1,0,1
2521,Gazzadina Le Case Nòve,46.134118,11.128304,1,1,0
2522,Gazzadina Del Porfido,46.130582,11.126159,1,0,1
2524,Cimirlo,46.067614,11.184697,0,1,1
2525,Eremo,46.068317,11.178752,0,1,1
2526,Celva,46.070702,11.176480,0,0,0
2527,Via Eremo,46.067997,11.175561,0,1,1
2528,Maso di Brenz,46.065720,11.172229,0,1,0
2529,Borino Civ.69,46.066126,11.168742,2,1,0
2530,Borino,46.066995,11.165581,2,1,0
2532,Borino Civ.69,46.066010,11.168859,2,0,0
2533,Maso di Brenz,46.065674,11.172377,0,0,0
2534,Via Eremo,46.067909,11.175714,0,0,0
2535,Eremo,46.068203,11.178585,0,0,0
2537,Verona "Big Center",46.045763,11.130817,1,1,1
2538,Verona "Big Center",46.045691,11.131058,1,1,0
2540,Viale Caproni "Luxottica",45.864859,11.017763,2,0,1
2542,Via di Vittorio,45.863141,11.020958,0,0,0
2543,Villa Lagarina V. Zandonai,45.912479,11.031902,2,0,1
2549,Povo "Polo Sociale" Cap.,46.065613,11.158006,1,0,1
2551,Mori Via Del Garda,45.851921,10.972035,2,0,0
2660,Patone Gera,45.897941,11.002045,2,1,1
2662,Patone Gera,45.898068,11.002122,2,0,0
2663,Gardolo 4 Nov. 2 Giugno,46.101254,11.112952,1,0,1
2664,Spini Loghét,46.120500,11.091082,1,1,1
2665,Spini Loghét,46.120567,11.091216,1,0,0
2668,Fersina "Zona Artigianale",46.038208,11.124586,1,0,1
2669,Fersina "Zona Sportiva",46.041683,11.123708,2,1,0
2670,Piazza Cappuccini,46.073078,11.128446,0,1,1
2671,Avancini Laste,46.071423,11.130839,2,0,1
2672,Rsa Angeli Custodi,46.069881,11.131245,0,0,1
2673,Giardini Collina,46.068142,11.129678,2,1,1
2676,Via Cittadella Via Mozart,45.901288,11.040120,1,0,0
2680,Gazzoletti Piazza Dante,46.071816,11.121971,1,1,1
2682,Povo Sommarive,46.065587,11.150445,2,1,0
2683,Povo "Polo Scientifico" Est,46.067773,11.150538,2,1,1
2686,Isera P.Zza S.Vincenzo-E.,45.885397,11.009288,2,1,0
2688,Villazzano "Stazione Fs",46.044758,11.139687,1,0,0
2689,Villazzano "Stazione Fs",46.044754,11.139434,1,0,1
2699,Ss.12 "Rovercenter",45.864206,11.029049,2,0,0
2701,Ss 349 Pozzata,46.041780,11.142380,2,0,0
2702,Parcheggio Ghiaie,46.038742,11.124360,0,0,1
2706,Via Pedroni,45.892216,11.033019,0,0,1
2707,Via Unione "Residenza Eos",45.893295,11.027252,2,1,1
2710,Via Unione Scuole Filzi,45.888721,11.024218,1,1,0
2713,Dos Trento Mariano,46.073694,11.114478,2,1,0
2746,Lenzima Via Della Vittoria,45.877392,10.991753,2,0,0
2747,Lenzima Via Della Vittoria,45.877342,10.991621,2,0,1
2757,Noriglio Mon. Ai Caduti,45.883987,11.070215,2,1,0
2758,Viale Vittoria Scuole Degasperi,45.884932,11.023890,1,1,0
2759,Via Delle Laste,46.072467,11.129917,0,0,0
2760,Savignano,45.938008,11.056053,0,1,1
2763,Gard.D.Mezzo Dos D.La Luna,46.115345,11.117265,2,1,1
2764,Gard.D.Mezzo Maso Garbini,46.114495,11.116630,2,0,1
2767,Vigo Meano "S.Pietro",46.128252,11.134570,1,1,0
2768,Via Unione Scuole Filzi,45.888575,11.024195,2,0,0
2770,Via Comel,45.904014,11.042308,0,0,1
2775,Via Zigherane,45.879247,11.023763,0,1,0
2776,Via Zigherane,45.879590,11.023308,2,1,1
2777,Baldresca,45.880129,11.028544,0,0,0
2780,Ss 45 S.Giorgio,46.078668,11.099299,2,1,1
2782,Spini "Pal. Giano",46.121670,11.095136,1,1,1
2783,Spini "Pal. Giano",46.121606,11.095086,1,1,0
2784,Spini Varsavia,46.125528,11.098368,2,0,1
2785,Spini Varsavia,46.125825,11.098119,2,1,0
2786,Spini Masadori,46.119932,11.096486,1,1,0
2787,Spini Masadori,46.120106,11.096254,1,1,1
2788,Spini Bregenz,46.117063,11.092401,2,1,0
2789,Spini Bregenz,46.117025,11.092475,2,0,0
2790,Spini "Casa Circondariale",46.127053,11.096713,1,0,1
2791,Interporto "Interbrennero",46.111248,11.090882,1,1,0
2792,Interporto "Interbrennero",46.111195,11.090792,1,1,0
2793,Innsbruck "Trentino Trasporti",46.101861,11.094798,1,1,1
2794,Innsbruck "Trentino Trasporti",46.102289,11.094582,1,0,1
2795,Interporto "Logistica 2",46.106315,11.092329,1,0,0
2796,Interporto "Logistica 2",46.106112,11.092271,1,0,0
2797,Interporto "Fercam",46.108338,11.091621,1,1,0
2798,Interporto "Fercam",46.108429,11.091700,1,1,0
2799,Spini Praga,46.123565,11.097434,2,1,1
2800,Pedersano,45.922564,11.020235,0,1,0
2801,Vela "Scuole S.Vigilio",46.081292,11.102655,1,1,1
2802,Villa Lagar. "Bocciodromo",45.920749,11.032002,2,0,1
2803,Villa Lagar. "Bocciodromo",45.920286,11.031886,1,0,0
2804,Villa Lagarina "Al Ponte",45.913238,11.037376,2,0,1
2805,Villa Lagarina "Al Ponte",45.913174,11.037347,2,0,0
2806,Ss.240 "Alla Staffa",45.872760,11.024322,2,1,1
2812,Castellano Don Zanolli,45.926062,11.005712,2,0,1
2814,Mattarello Gotarda,46.009942,11.128455,2,1,0
2815,Mattarello Fratte,46.005441,11.126379,2,0,0
2816,Via Zandonai,45.886680,11.020120,0,0,1
2817,Roncafort Nord,46.103456,11.100245,1,1,0
2820,Povo Pantè,46.063948,11.150557,2,1,1
2822,Mori Via Filzi,45.854392,10.972141,2,1,0
2823,Mori Via Don Sturzo,45.853340,10.970029,2,0,1
2824,Mori Via Terra Nera,45.850031,10.981008,2,1,0
2825,Via All'adige,45.888336,11.018626,0,1,0
2827,Via Monte Pipel,45.895097,11.057072,0,1,1
2828,Interporto "Sait",46.113255,11.090192,1,1,1
2829,Interporto "Sait",46.113317,11.090281,1,0,0
2831,Via Balista Ist. Veronesi,45.896065,11.030962,2,0,0
2832,Viale Vittoria Scuole Degasperi,45.884804,11.023959,1,1,0
2833,Povo "Polo Scientifico" Ovest,46.067349,11.150368,1,0,1
2835,Calliano Via Marcolini,45.931773,11.092112,2,0,0
2836,Calliano Via Marcolini,45.931765,11.092773,2,0,1
2837,Volano Via Delle Ancone,45.917819,11.076404,2,1,0
2838,Ss.12 Fornaci,45.919444,11.085325,2,1,1
2839,Volano Via Roma,45.917298,11.070048,1,1,0
2840,Nomi Cantina Sociale,45.928339,11.074608,2,0,1
2841,Nogaredo Via Verdi,45.911618,11.024558,2,1,0
2843,Sp.20 Bivio Noarna,45.915826,11.016557,2,1,0
2844,Sp.20 Bivio Noarna,45.915880,11.016801,2,1,1
2845,Via 13 Settembre,45.908302,11.041662,0,0,0
2848,Campana Dei Caduti,45.874381,11.040909,0,0,0
2849,Marco Parco Ex De Bellat,45.843722,11.007150,2,0,1
2850,Marco Parco Ex De Bellat,45.843535,11.007469,2,1,1
2851,Marco Via S.Romedio,45.845955,11.004524,2,0,1
2852,Marco Via S.Romedio,45.847437,11.003377,2,1,0
2853,Mori Stazione,45.860603,11.001712,2,0,1
2854,Mori Stazione,45.860969,11.001672,2,1,1
2855,Via Salvetti,45.905949,11.042875,0,0,1
2856,Ss.12 Castel Pietra,45.921722,11.091307,2,0,0
2857,Ss.12 Castel Pietra,45.922938,11.092223,2,0,1
2858,Ss.12 Campagnole,45.928854,11.093009,2,0,0
2859,Ss.12 Campagnole,45.928852,11.093151,2,0,0
2861,Porte di Trambileno,45.883348,11.051598,2,1,1
2862,Porte di Trambileno,45.883530,11.052027,2,1,0
2863,Viale Schio,45.883599,11.043712,0,1,0
2864,Viale Schio,45.883690,11.043650,0,0,1
2865,Viale Zugna,45.884470,11.046999,0,1,0
2866,Viale Zugna,45.884452,11.047159,0,1,0
2867,Viale Zugna 48,45.884383,11.049307,0,1,1
2868,Viale Zugna 48,45.884347,11.049428,0,1,1
2869,Via Magazol Viale Trento,45.899299,11.041953,1,0,1
2870,Ss.240 "Alla Staffa",45.872821,11.024165,2,0,0
2872,Rsa S.Bartolomeo,46.048673,11.134145,0,0,0
2873,Casette,45.880722,11.017850,0,1,0
2874,Via Fornaci "Texbond",45.859392,11.005002,2,1,0
2875,Via Fornaci "Dana",45.854746,11.004437,2,0,0
2876,Via Fornaci "Dana",45.854456,11.004104,2,1,1
2877,Ss.240 "Meb",45.867859,11.011825,2,0,0
2878,Ossario Castel Dante,45.871892,11.035443,0,1,0
2884,Via Bellini,45.899265,11.044677,0,1,0
2886,Via Vicenza Via Asiago,45.885485,11.059419,2,1,0
2887,Genovesa,45.882907,11.062548,2,1,0
2888,Genovesa,45.882458,11.062551,2,0,0
2889,Noriglio Via Jacob,45.883853,11.067447,2,0,1
2890,Noriglio Via Jacob,45.883773,11.067595,2,0,0
2891,Noriglio Parco Alle Pozze,45.884317,11.065741,2,0,0
2892,Nogaredo Vignai,45.910279,11.019416,2,1,0
2895,Cisterna Capolinea,45.883114,11.087308,2,1,1
2896,Noriglio Scuole Elementari,45.881946,11.068806,2,0,0
2897,Sp.23 "Nero Cubo",45.855421,11.002178,2,0,0
2898,Viale Schio S.Maria,45.884693,11.043499,2,1,0
2899,Via Unione "Residenza Eos",45.893503,11.027539,2,0,1
2900,Monte Ghello,45.887462,11.066107,2,1,0
2901,Monte Ghello,45.887016,11.066335,2,0,1
2902,Viale Caproni "Chizzola",45.868310,11.021989,2,0,0
2904,Villa Lagarina "Poste",45.914403,11.033160,2,0,0
2905,Castellano Don Zanolli,45.926140,11.005757,2,0,1
2906,Calliano Ss.12,45.934315,11.096015,2,0,0
2907,Calliano Ss.12,45.934334,11.095867,2,0,0
2908,Calliano Cimitero,45.936981,11.098858,2,1,1
2909,Besenello,45.941818,11.109935,2,1,1
2910,Besenello Nord,45.945821,11.106086,2,1,1
2911,Besenello Sud,45.936872,11.110209,2,0,0
2914,Noriglio Parco Alle Pozze,45.884248,11.065177,2,1,0
2915,Via Dell'artigiano,45.864405,11.017804,0,1,0
2918,Gabbiolo Capolinea,46.055511,11.149099,2,0,1
2919,Volano Via Spiazze,45.915721,11.051422,2,0,1
2922,Viale Dei Colli Bertolda,45.888345,11.051601,2,0,1
2923,Cadine Della Fornas,46.087160,11.069036,2,0,0
2924,Cadine Della Fornas,46.086923,11.069365,2,0,0
2925,Spini Palazzine,46.116627,11.099959,2,1,1
2926,Borgo S.Caterina,45.889827,11.039441,0,1,0
2927,Venezia "Port'aquila",46.069526,11.127851,1,1,1
2928,Porte Chiesa,45.883422,11.053317,2,1,0
2929,Porte Via Al Brentegam,45.881067,11.053136,2,0,0
2930,Porte Via Miravalle,45.879937,11.047140,2,1,0
2931,Dosso,45.881357,11.054806,2,1,0
2932,Porte Chiesa,45.883186,11.053711,2,0,0
2933,Porte Via Al Brentegam,45.880931,11.052681,2,0,0
2934,Porte Via Miravalle,45.879916,11.046858,2,0,1
2935,Dosso,45.881524,11.054596,2,0,1
2936,Sp.89 Maso Brentegam,45.880439,11.050881,2,1,1
2937,Via Fornaci Via Pineta,45.864980,11.006180,2,0,0
2938,Via Fornaci Via Pineta,45.864770,11.005449,2,1,0
2939,Funivia-Staz. di Valle-Trento,46.069626,11.115638,2,0,1
2940,Funivia-Staz. di Monte-Sardagna,46.065992,11.102652,2,1,1
2945,Mattarello Rozola,46.012738,11.132181,2,0,0
2946,Mattarello Rozola,46.012703,11.131960,2,0,0
2947,Mattarello Regole,46.011060,11.131733,2,1,1
2948,Mattarello Regole,46.011210,11.131629,2,0,1
2949,Mattarello "Parco",46.008471,11.131587,2,1,0
2950,Mattarello "Parco",46.007875,11.131414,1,1,0
2951,Mattarello "Torre Franca",46.006579,11.131075,2,0,0
2952,Mattarello "Torre Franca",46.005933,11.129952,2,0,1
2953,Mattarello Ex Stazione,46.007524,11.126757,2,0,1
2954,Mattarello Sud,46.002730,11.126218,1,1,0
2957,Piazza Centa,46.076209,11.123760,0,1,1
2960,Cadine Voltei,46.086301,11.068642,2,0,0
2961,Centa Brennero,46.075665,11.124033,1,1,0
2962,Via Brigata Mantova,45.868215,11.036160,0,1,1
2963,Via Brigata Mantova,45.868386,11.036299,0,0,0
2964,Via Cipressi,45.870184,11.032803,0,1,0
2965,Stadio Quercia,45.901209,11.036376,0,1,1
2966,Via Tonetti,45.902850,11.037784,0,1,1
2968,Pomarolo S.Antonio,45.933993,11.047842,2,1,0
2969,Pomarolo S.Antonio,45.933956,11.047817,2,1,1
2970,Vigo Meano Don Perugini,46.133145,11.133831,2,1,0
2971,Melta "Case Itea",46.102288,11.118252,1,1,1
2973,Piazzale Divisioni Alpine,46.071069,11.109923,1,0,0
2979,Via Magazol Via Cimarosa,45.899889,11.039716,2,1,0
2981,Isera Scuole Elementari,45.882862,11.008238,2,1,0
2982,Viale Del Lavoro "Rovercenter",45.863835,11.026973,2,0,1
2983,Via Pasqui,45.899670,11.037304,0,0,0
2984,Via Parteli,45.896553,11.036619,0,0,1
2986,Via Circonvallazione,45.883392,11.038628,0,1,0
2987,Stadio Quercia,45.901130,11.036177,0,0,0
2988,Marco Nord,45.849547,11.012707,2,1,0
2989,Marco Nord,45.849668,11.012628,2,1,0
2990,Parcheggio Via Lidorno,46.033496,11.125864,0,1,1
2991,Parcheggio Area Camper,46.034264,11.127215,0,0,0
2992,Via Del Garda Via Porte Rosse,45.872836,11.028888,2,0,1
2993,Via Del Garda Via Porte Rosse,45.872891,11.028584,2,1,0
2994,Clinica Solatrix,45.897990,11.045510,0,0,0
2996,Via Unione Via Zotti,45.886361,11.023195,2,0,0
2998,Via Campagnole,45.889292,11.037026,0,0,1
2999,Piazza Filzi Via Del Porto,45.883945,11.018138,2,0,0
3000,Isera Asilo,45.884265,11.008312,2,0,1
3001,Via Perosi,45.904237,11.044052,0,1,1
3002,Villa Lagarina Sc.Medie,45.917932,11.031625,2,0,0
3003,Strada Degli Artiglieri,45.869985,11.036448,0,1,0
3004,Castellano Don Zan. Park,45.926214,11.007335,2,0,0
3005,Stazione Fs,45.891786,11.034253,0,1,0
3006,Via Benacense Scuole Ex Edili,45.880053,11.035459,2,1,0
3007,Isera Asilo,45.884651,11.007829,2,0,0
3009,Volano Casa di Riposo,45.920407,11.066979,2,0,0
3010,Nogaredo Via S.Biagio,45.911887,11.025781,2,0,0
3011,Viale Dei Colli Campolongo,45.887924,11.057293,2,0,0
3012,Viale Dei Colli Campolongo,45.887949,11.057571,2,0,0
3016,Lavis Piazza Grazioli,46.139472,11.111335,0,0,1
3017,Lavis Via Dei Colli,46.141840,11.112380,0,0,0
3018,Lavis Via Cembra,46.144048,11.112649,0,1,0
3019,Lavis Bivio Fratte,46.146836,11.111036,0,1,1
3020,Lavis Bivio Fratte,46.146734,11.111007,0,1,0
3021,Lavis Strada Fonda,46.145627,11.105818,0,0,1
3022,Lavis Strada Fonda,46.145301,11.106307,0,1,0
3024,Lavis "Municipio",46.139305,11.112131,0,1,1
3027,Lavis "Stazione Fs",46.147934,11.097347,0,0,0
3028,Lavis Via Filos,46.145584,11.097290,0,1,0
3029,Lavis Via Filos,46.145665,11.097523,0,1,0
3030,Lavis Via di Vittorio 78/84,46.136413,11.086541,0,0,0
3031,Lavis Via di Vittorio 64,46.133537,11.087634,0,1,1
3032,Lavis Via di Vittorio 26,46.134301,11.093436,0,0,1
3033,Lavis Via Fermi,46.136341,11.093358,0,1,1
3034,Lavis Via di Vittorio 6,46.134621,11.097322,0,0,0
3035,Lavis Via Zandonai,46.138874,11.101196,0,1,0
3036,Pressano Piazza,46.153557,11.106927,0,0,0
3037,Pressano "Oratorio",46.152127,11.106138,0,0,1
3038,Pressano Via Cl. Augusta,46.157309,11.107777,0,1,0
3039,Pressano Via Cl. Augusta,46.157338,11.107839,0,1,1
3040,Pressano Via Sant'antonio,46.154093,11.109902,0,1,0
3041,Pressano Via Pilati,46.150030,11.104334,0,0,0
3043,Nave S.Felice Maso Rover,46.161439,11.109306,0,0,1
3044,Nave S.Felice Maso Rover,46.161333,11.109326,0,1,1
3045,Nave S.Felice Zona Stuadri,46.170412,11.118105,0,0,1
3046,Nave S.Felice Case Tenaia,46.162483,11.110392,0,0,1
3047,Sorni,46.172283,11.125893,0,1,0
3048,Sorni Bivio,46.174864,11.122294,0,0,0
3049,Sorni Bivio,46.174341,11.122074,0,0,0
3050,Sorni Bivio Via Toresela,46.174616,11.123075,0,0,1
3051,Sorni Via Dalmaso,46.174676,11.124554,0,0,1
3052,Sorni Via Dalmaso,46.174737,11.124493,0,1,1
3053,Sorni Bivio Maso Zatelli,46.175439,11.125608,0,0,0
3054,Sorni Bivio Maso Zatelli,46.175315,11.125547,0,1,1
3055,Sorni Ss.12,46.174042,11.120670,0,0,1
3056,Maso Zatelli,46.176495,11.125399,0,0,0
3057,Maso Zatelli,46.176515,11.125336,0,0,0
3058,Maso Del Narciso,46.177635,11.127470,0,1,1
3059,Maso Del Narciso,46.177651,11.127542,0,0,1
3060,Maso Rosabel,46.175362,11.131343,0,0,1
3061,Maso Rosabel,46.175400,11.131366,0,0,1
3062,Sp.131 Bivio Laste,46.172498,11.128994,0,0,1
3063,Maso Panizza di Sopra,46.168742,11.125581,0,1,0
3064,Maso Panizza di Sopra,46.168616,11.125299,0,1,0
3065,Maso Zancanar,46.165226,11.121665,0,0,0
3066,Maso Zancanar,46.164958,11.121624,0,0,0
3067,Maso Poli,46.163020,11.118873,0,1,0
3068,Maso Poli,46.163013,11.119002,0,1,1
3069,Maso Luchin,46.160608,11.116311,0,0,1
3070,Maso Luchin,46.160585,11.116362,0,0,0
3071,Maso Tratta,46.159249,11.115103,0,1,0
3072,Maso Spon,46.159065,11.119271,0,0,0
3073,Maso Clinga Via Clinga,46.153691,11.110336,0,1,0
3074,Maso Clinga,46.152243,11.111730,0,0,1
3077,Maso Clinga Via Furli,46.150550,11.108069,0,1,1
3078,Lavis Maso Furli,46.148786,11.109659,0,0,0
3079,Lavis Maso Furli,46.148825,11.109738,0,0,1
3080,Nave S.Felice,46.164561,11.112234,0,1,0
3081,Maso Tratta,46.158507,11.114959,0,0,1
3082,Nave S.Felice,46.164589,11.112097,0,0,0
3083,Pressano Piazza,46.153631,11.107061,0,0,1
3084,Nave S.Felice Stazione Ftm,46.166718,11.113208,0,0,1
3085,Nave S.Felice Case Tenaia,46.162105,11.110088,0,0,0
3086,Sp.131 Bivio Laste,46.173100,11.129881,0,0,1
3087,Sorni Bivio Via Toresela,46.174356,11.122754,0,0,1
3088,Pedersano S.Rocco,45.919578,11.019194,2,1,1
3089,Pedersano S.Rocco,45.919627,11.019096,2,1,0
3091,Lavis Cantina "La-Vis",46.136991,11.109628,2,0,0
3092,Cervara "Scalinata",46.072157,11.128197,2,0,0
3094,Lavis "Stazione Ftm",46.141564,11.105781,0,0,1
3095,Asiago S. Bartolameo,46.047682,11.137738,1,0,0
3096,Vela Centro,46.082085,11.102043,2,1,0
3097,Fersina "Campi Da Tennis",46.044632,11.121690,2,1,1
3098,Trento FS,46.072112449342306,11.119287663051152,1,1,1
3099,Trento S. Chiara,46.05481970054859,11.135327011308963,1,1,1
3100,Trento S. Bartolameo,46.047596967875045,11.135179243110212,1,1,1
3101,Villazzano,46.04602756297441,11.139317363107264,1,1,1
3102,Povo - Mesiano,46.064977496066035,11.142572824933037,1,1,1
3103,Trento Nord - Zona Commerciale,46.090031093412925,11.113116914585337,1,1,1
3104,Gardolo,46.10814566688345,11.104476621513577,1,1,1
3105,Zona Industriale,46.11874002054596,11.105316008910465,1,1,1
3106,Lamar,46.12589176419063,11.10776098372259,1,1,1
3107,Lavis,46.14009026636438,11.10616878193754,1,1,1
